Codice;Regione;Zona;Nome;Comune;Latitudine;Longitudine;Esposizione;Lunghezza;Fondo;Affollamento;Accesso;Come si arriva;Parcheggio;Bandiera Blu;Servizi rilevati;Etichette;Descrizione;Google Place ID;File immagine;Fonte immagine;Comune notizie;Aff. ristorante;Aff. albergo;Aff. ombrellone;Aff. attività;Stato;Priorità;Note;Sponsor;Sponsor fino al
algarve-001;algarve;vicentina;Bordeira;Aljezur;37.19851;-8.90459;;;;;nc;;;no;4;Surf;Spiaggia sorvegliata nella stagione balneare. C'è uno stabilimento con servizio di ristoro. Ci sono parcheggio. Onde di valore riconosciuto per il surf. Capacità di carico stimata in 1600 persone.;;spiagge/algarve/algarve-001.jpg;DGT OrtoSat · 30 cm;Aljezur;;;;;;;;;
algarve-002;algarve;vicentina;Amado;Aljezur;37.16698;-8.90345;;;;;nc;;;no;5;Surf;Spiaggia sorvegliata nella stagione balneare. C'è uno stabilimento con servizio di ristoro. Ci sono bagni, parcheggio. Onde di valore riconosciuto per il surf. Capacità di carico stimata in 1300 persone.;;spiagge/algarve/algarve-002.jpg;DGT OrtoSat · 30 cm;Aljezur;;;;;;;;;
algarve-003;algarve;vicentina;Vale Figueiras;Aljezur;37.2477;-8.86956;;;;;nc;;;no;1;Surf;Spiaggia non sorvegliata. Ci sono parcheggio. Onde di valore riconosciuto per il surf. Capacità di carico stimata in 700 persone.;;spiagge/algarve/algarve-003.jpg;DGT OrtoSat · 30 cm;Aljezur;;;;;;;;;
algarve-004;algarve;vicentina;Arrifana;Aljezur;37.29455;-8.86632;;;;;nc;;;sì;4;Bandiera Blu, Surf;Spiaggia sorvegliata nella stagione balneare. Ci sono bagni, docce, parcheggio. Onde di valore riconosciuto per il surf. Capacità di carico stimata in 200 persone.;;spiagge/algarve/algarve-004.jpg;DGT OrtoSat · 30 cm;Aljezur;;;;;;;;;
algarve-005;algarve;vicentina;Monte Clerigo;Aljezur;37.34241;-8.85382;;;;;nc;;;sì;4;Bandiera Blu, Surf, Accessibile;Spiaggia sorvegliata nella stagione balneare. Ci sono bagni, docce, parcheggio. Rientra nel programma Praia Acessível. Onde di valore riconosciuto per il surf. Capacità di carico stimata in 1900 persone.;;spiagge/algarve/algarve-005.jpg;DGT OrtoSat · 30 cm;Aljezur;;;;;;;;;
algarve-006;algarve;vicentina;Amoreira - Mar;Aljezur;37.35213;-8.84501;;;;;nc;;;sì;6;Bandiera Blu, Surf;Spiaggia sorvegliata nella stagione balneare. C'è uno stabilimento con servizio di ristoro. Ci sono bagni, docce, parcheggio. Onde di valore riconosciuto per il surf. Capacità di carico stimata in 700 persone.;;spiagge/algarve/algarve-006.jpg;DGT OrtoSat · 30 cm;Aljezur;;;;;;;;;
algarve-007;algarve;vicentina;Amoreira - Rio;Aljezur;37.34395;-8.84021;;;;;nc;;;no;0;Laguna;Spiaggia non sorvegliata.;;spiagge/algarve/algarve-007.jpg;DGT OrtoSat · 30 cm;Aljezur;;;;;;;;;
algarve-008;algarve;vicentina;Vale dos Homens;Aljezur;37.38351;-8.82577;;;;;nc;;;no;1;Surf;Spiaggia non sorvegliata. Ci sono parcheggio. Onde di valore riconosciuto per il surf. Capacità di carico stimata in 300 persone.;;spiagge/algarve/algarve-008.jpg;DGT OrtoSat · 30 cm;Aljezur;;;;;;;;;
algarve-009;algarve;vicentina;Odeceixe - Mar;Aljezur;37.44193;-8.79957;;;;;nc;;;sì;5;Bandiera Blu, Surf;Spiaggia sorvegliata nella stagione balneare. C'è uno stabilimento con servizio di ristoro. Ci sono bagni, parcheggio. Onde di valore riconosciuto per il surf. Capacità di carico stimata in 1200 persone.;;spiagge/algarve/algarve-009.jpg;DGT OrtoSat · 30 cm;Aljezur;;;;;;;;;
algarve-010;algarve;sagres;Beliche;Vila do Bispo;37.02529;-8.96411;;;;;nc;;;no;2;Surf;Spiaggia sorvegliata nella stagione balneare. Ci sono parcheggio. Onde di valore riconosciuto per il surf. Capacità di carico stimata in 400 persone.;;spiagge/algarve/algarve-010.jpg;DGT OrtoSat · 30 cm;Vila do Bispo;;;;;;;;;
algarve-011;algarve;sagres;Tonel;Vila do Bispo;37.00703;-8.9484;;;;;nc;;;sì;6;Bandiera Blu, Surf;Spiaggia sorvegliata nella stagione balneare. C'è uno stabilimento con servizio di ristoro. Ci sono bagni, docce, parcheggio. Onde di valore riconosciuto per il surf. Capacità di carico stimata in 1100 persone.;;spiagge/algarve/algarve-011.jpg;DGT OrtoSat · 30 cm;Vila do Bispo;;;;;;;;;
algarve-012;algarve;sagres;Castelejo;Vila do Bispo;37.10015;-8.94575;;;;;nc;;;sì;6;Bandiera Blu, Surf;Spiaggia sorvegliata nella stagione balneare. C'è uno stabilimento con servizio di ristoro. Ci sono bagni, docce, parcheggio. Onde di valore riconosciuto per il surf. Capacità di carico stimata in 500 persone.;;spiagge/algarve/algarve-012.jpg;DGT OrtoSat · 30 cm;Vila do Bispo;;;;;;;;;
algarve-013;algarve;sagres;Mareta;Vila do Bispo;37.00503;-8.93986;;;;;nc;;;sì;6;Bandiera Blu, Surf;Spiaggia sorvegliata nella stagione balneare. C'è uno stabilimento con servizio di ristoro. Ci sono bagni, docce, parcheggio. Onde di valore riconosciuto per il surf. Capacità di carico stimata in 1100 persone.;;spiagge/algarve/algarve-013.jpg;DGT OrtoSat · 30 cm;Vila do Bispo;;;;;;;;;
algarve-014;algarve;sagres;Cordoama;Vila do Bispo;37.10942;-8.93782;;;;;nc;;;sì;6;Bandiera Blu, Surf;Spiaggia sorvegliata nella stagione balneare. C'è uno stabilimento con servizio di ristoro. Ci sono bagni, docce, parcheggio. Onde di valore riconosciuto per il surf. Capacità di carico stimata in 1400 persone.;;spiagge/algarve/algarve-014.jpg;DGT OrtoSat · 30 cm;Vila do Bispo;;;;;;;;;
algarve-015;algarve;sagres;Martinhal;Vila do Bispo;37.01978;-8.92467;;;;;nc;;;sì;6;Bandiera Blu, Surf;Spiaggia sorvegliata nella stagione balneare. C'è uno stabilimento con servizio di ristoro. Ci sono bagni, docce, parcheggio. Onde di valore riconosciuto per il surf. Capacità di carico stimata in 2100 persone.;;spiagge/algarve/algarve-015.jpg;DGT OrtoSat · 30 cm;Vila do Bispo;;;;;;;;;
algarve-016;algarve;sagres;Barranco;Vila do Bispo;37.04208;-8.894734;;;;;nc;;;no;1;Surf;Spiaggia non sorvegliata. Ci sono parcheggio. Onde di valore riconosciuto per il surf. Capacità di carico stimata in 450 persone.;;spiagge/algarve/algarve-016.jpg;DGT OrtoSat · 30 cm;Vila do Bispo;;;;;;;;;
algarve-017;algarve;sagres;Ingrina;Vila do Bispo;37.04616;-8.87903;;;;;nc;;;sì;6;Bandiera Blu, Surf;Spiaggia sorvegliata nella stagione balneare. C'è uno stabilimento con servizio di ristoro. Ci sono bagni, docce, parcheggio. Onde di valore riconosciuto per il surf. Capacità di carico stimata in 400 persone.;;spiagge/algarve/algarve-017.jpg;DGT OrtoSat · 30 cm;Vila do Bispo;;;;;;;;;
algarve-018;algarve;sagres;Zavial;Vila do Bispo;37.04615;-8.87158;;;;;nc;;;sì;6;Bandiera Blu, Surf;Spiaggia sorvegliata nella stagione balneare. C'è uno stabilimento con servizio di ristoro. Ci sono bagni, docce, parcheggio. Onde di valore riconosciuto per il surf. Capacità di carico stimata in 500 persone.;;spiagge/algarve/algarve-018.jpg;DGT OrtoSat · 30 cm;Vila do Bispo;;;;;;;;;
algarve-019;algarve;sagres;Furnas;Vila do Bispo;37.055;-8.85444;;;;;nc;;;no;1;Surf;Spiaggia non sorvegliata. Ci sono parcheggio. Onde di valore riconosciuto per il surf. Capacità di carico stimata in 320 persone.;;spiagge/algarve/algarve-019.jpg;DGT OrtoSat · 30 cm;Vila do Bispo;;;;;;;;;
algarve-020;algarve;sagres;Salema;Vila do Bispo;37.06476;-8.82482;;;;;nc;;;sì;6;Bandiera Blu, Surf, Accessibile;Spiaggia sorvegliata nella stagione balneare. C'è uno stabilimento con servizio di ristoro. Ci sono bagni, docce, parcheggio. Rientra nel programma Praia Acessível. Onde di valore riconosciuto per il surf. Capacità di carico stimata in 1000 persone.;;spiagge/algarve/algarve-020.jpg;DGT OrtoSat · 30 cm;Vila do Bispo;;;;;;;;;
algarve-021;algarve;sagres;Boca do Rio;Vila do Bispo;37.06639;-8.80833;;;;;nc;;;no;1;Surf;Spiaggia non sorvegliata. Ci sono parcheggio. Onde di valore riconosciuto per il surf. Capacità di carico stimata in 240 persone.;;spiagge/algarve/algarve-021.jpg;DGT OrtoSat · 30 cm;Vila do Bispo;;;;;;;;;
algarve-022;algarve;sagres;Almadena - Cabanas Velhas;Vila do Bispo;37.065217;-8.794877;;;;;nc;;;sì;6;Bandiera Blu;Spiaggia sorvegliata nella stagione balneare. C'è uno stabilimento con servizio di ristoro. Ci sono bagni, docce, parcheggio. Capacità di carico stimata in 300 persone.;;spiagge/algarve/algarve-022.jpg;DGT OrtoSat · 30 cm;Vila do Bispo;;;;;;;;;
algarve-023;algarve;sagres;Burgau;Vila do Bispo;37.0716;-8.77521;;;;;nc;;;sì;6;Bandiera Blu, Surf;Spiaggia sorvegliata nella stagione balneare. C'è uno stabilimento con servizio di ristoro. Ci sono bagni, docce, parcheggio. Onde di valore riconosciuto per il surf. Capacità di carico stimata in 200 persone.;;spiagge/algarve/algarve-023.jpg;DGT OrtoSat · 30 cm;Vila do Bispo;;;;;;;;;
algarve-024;algarve;lagos;Luz (Lagos);Lagos;37.08635;-8.72638;;;;;nc;;;sì;6;Bandiera Blu, Accessibile;Spiaggia sorvegliata nella stagione balneare. C'è uno stabilimento con servizio di ristoro. Ci sono bagni, docce, parcheggio. Rientra nel programma Praia Acessível. Capacità di carico stimata in 1600 persone.;;spiagge/algarve/algarve-024.jpg;DGT OrtoSat · 30 cm;Lagos;;;;;;;;;
algarve-025;algarve;lagos;Porto de Mos;Lagos;37.0852;-8.68868;;;;;nc;;;sì;6;Bandiera Blu, Accessibile;Spiaggia sorvegliata nella stagione balneare. C'è uno stabilimento con servizio di ristoro. Ci sono bagni, docce, parcheggio. Rientra nel programma Praia Acessível. Capacità di carico stimata in 900 persone.;;spiagge/algarve/algarve-025.jpg;DGT OrtoSat · 30 cm;Lagos;;;;;;;;;
algarve-026;algarve;lagos;D. Ana;Lagos;37.0916;-8.669;;;;;nc;;;no;6;Surf;Spiaggia sorvegliata nella stagione balneare. C'è uno stabilimento con servizio di ristoro. Ci sono bagni, docce, parcheggio. Onde di valore riconosciuto per il surf. Capacità di carico stimata in 400 persone.;;spiagge/algarve/algarve-026.jpg;DGT OrtoSat · 30 cm;Lagos;;;;;;;;;
algarve-027;algarve;lagos;Camilo;Lagos;37.08736;-8.66839;;;;;nc;;;no;4;Surf;Spiaggia sorvegliata nella stagione balneare. Ci sono bagni, docce, parcheggio. Onde di valore riconosciuto per il surf. Capacità di carico stimata in 40 persone.;;spiagge/algarve/algarve-027.jpg;DGT OrtoSat · 30 cm;Lagos;;;;;;;;;
algarve-028;algarve;lagos;Batata;Lagos;37.09797;-8.66777;;;;;nc;;;sì;6;Bandiera Blu, Surf, Accessibile;Spiaggia sorvegliata nella stagione balneare. C'è uno stabilimento con servizio di ristoro. Ci sono bagni, docce, parcheggio. Rientra nel programma Praia Acessível. Onde di valore riconosciuto per il surf. Capacità di carico stimata in 340 persone.;;spiagge/algarve/algarve-028.jpg;DGT OrtoSat · 30 cm;Lagos;;;;;;;;;
algarve-029;algarve;lagos;Meia Praia Poente;Lagos;37.10478;-8.665233;;;;;nc;;;sì;6;Bandiera Blu, Surf, Accessibile;Spiaggia sorvegliata nella stagione balneare. C'è uno stabilimento con servizio di ristoro. Ci sono bagni, docce, parcheggio. Rientra nel programma Praia Acessível. Onde di valore riconosciuto per il surf. Capacità di carico stimata in 2300 persone.;;spiagge/algarve/algarve-029.jpg;DGT OrtoSat · 30 cm;Lagos;;;;;;;;;
algarve-030;algarve;lagos;Meia Praia;Lagos;37.11417;-8.651618;;;;;nc;;;sì;6;Bandiera Blu, Surf, Accessibile;Spiaggia sorvegliata nella stagione balneare. C'è uno stabilimento con servizio di ristoro. Ci sono bagni, docce, parcheggio. Rientra nel programma Praia Acessível. Onde di valore riconosciuto per il surf. Capacità di carico stimata in 8700 persone.;;spiagge/algarve/algarve-030.jpg;DGT OrtoSat · 30 cm;Lagos;;;;;;;;;
algarve-031;algarve;portimao;Alvor - Poente;Portimão;37.12218;-8.59724;;;;;nc;;;sì;6;Bandiera Blu, Accessibile;Spiaggia sorvegliata nella stagione balneare. C'è uno stabilimento con servizio di ristoro. Ci sono bagni, docce, parcheggio. Rientra nel programma Praia Acessível. Capacità di carico stimata in 4200 persone.;;spiagge/algarve/algarve-031.jpg;DGT OrtoSat · 30 cm;Portimão;;;;;;;;;
algarve-032;algarve;portimao;Alvor - Nascente;Portimão;37.120741;-8.58657;;;;;nc;;;sì;6;Bandiera Blu, Accessibile;Spiaggia sorvegliata nella stagione balneare. C'è uno stabilimento con servizio di ristoro. Ci sono bagni, docce, parcheggio. Rientra nel programma Praia Acessível. Capacità di carico stimata in 2200 persone.;;spiagge/algarve/algarve-032.jpg;DGT OrtoSat · 30 cm;Portimão;;;;;;;;;
algarve-033;algarve;portimao;Tres Irmaos;Portimão;37.11947;-8.581812;;;;;nc;;;sì;6;Bandiera Blu, Accessibile;Spiaggia sorvegliata nella stagione balneare. C'è uno stabilimento con servizio di ristoro. Ci sono bagni, docce, parcheggio. Rientra nel programma Praia Acessível. Capacità di carico stimata in 1400 persone.;;spiagge/algarve/algarve-033.jpg;DGT OrtoSat · 30 cm;Portimão;;;;;;;;;
algarve-034;algarve;portimao;Barranco das Canas;Portimão;37.11938;-8.56381;;;;;nc;;;no;4;Surf;Spiaggia sorvegliata nella stagione balneare. C'è uno stabilimento con servizio di ristoro. Ci sono parcheggio. Onde di valore riconosciuto per il surf. Capacità di carico stimata in 400 persone.;;spiagge/algarve/algarve-034.jpg;DGT OrtoSat · 30 cm;Portimão;;;;;;;;;
algarve-035;algarve;portimao;Vau;Portimão;37.11941;-8.55814;;;;;nc;;;sì;6;Bandiera Blu, Accessibile;Spiaggia sorvegliata nella stagione balneare. C'è uno stabilimento con servizio di ristoro. Ci sono bagni, docce, parcheggio. Rientra nel programma Praia Acessível. Capacità di carico stimata in 700 persone.;;spiagge/algarve/algarve-035.jpg;DGT OrtoSat · 30 cm;Portimão;;;;;;;;;
algarve-036;algarve;portimao;Careanos/Amado;Portimão;37.11871;-8.55499;;;;;nc;;;no;4;;Spiaggia sorvegliata nella stagione balneare. C'è uno stabilimento con servizio di ristoro. Ci sono parcheggio. Capacità di carico stimata in 350 persone.;;spiagge/algarve/algarve-036.jpg;DGT OrtoSat · 30 cm;Portimão;;;;;;;;;
algarve-037;algarve;portimao;Tres Castelos;Portimão;37.1176;-8.5483;;;;;nc;;;sì;6;Bandiera Blu;Spiaggia sorvegliata nella stagione balneare. C'è uno stabilimento con servizio di ristoro. Ci sono bagni, docce, parcheggio. Capacità di carico stimata in 1800 persone.;;spiagge/algarve/algarve-037.jpg;DGT OrtoSat · 30 cm;Portimão;;;;;;;;;
algarve-038;algarve;portimao;Rocha;Portimão;37.11605;-8.53737;;;;;nc;;;sì;6;Bandiera Blu, Surf, Accessibile;Spiaggia sorvegliata nella stagione balneare. C'è uno stabilimento con servizio di ristoro. Ci sono bagni, docce, parcheggio. Rientra nel programma Praia Acessível. Onde di valore riconosciuto per il surf. Capacità di carico stimata in 8800 persone.;;spiagge/algarve/algarve-038.jpg;DGT OrtoSat · 30 cm;Portimão;;;;;;;;;
algarve-039;algarve;portimao;Marina de Portimao;Portimão;37.11504;-8.52807;;;;;nc;;;sì;6;Bandiera Blu, Accessibile, Laguna;Spiaggia sorvegliata nella stagione balneare. C'è uno stabilimento con servizio di ristoro. Ci sono bagni, docce, parcheggio. Rientra nel programma Praia Acessível. Capacità di carico stimata in 300 persone.;;spiagge/algarve/algarve-039.jpg;DGT OrtoSat · 30 cm;Portimão;;;;;;;;;
algarve-040;algarve;carvoeiro;Ferragudo (Praia Grande);Lagoa;37.11728;-8.52182;;;;;nc;;;sì;6;Bandiera Blu, Laguna;Spiaggia sorvegliata nella stagione balneare. C'è uno stabilimento con servizio di ristoro. Ci sono bagni, docce, parcheggio. Capacità di carico stimata in 2100 persone.;;spiagge/algarve/algarve-040.jpg;DGT OrtoSat · 30 cm;Lagoa;;;;;;;;;
algarve-041;algarve;carvoeiro;Pintadinho;Lagoa;37.10779;-8.51897;;;;;nc;;;no;6;;Spiaggia sorvegliata nella stagione balneare. C'è uno stabilimento con servizio di ristoro. Ci sono bagni, docce, parcheggio. Capacità di carico stimata in 150 persone.;;spiagge/algarve/algarve-041.jpg;DGT OrtoSat · 30 cm;Lagoa;;;;;;;;;
algarve-042;algarve;carvoeiro;Caneiros;Lagoa;37.10486;-8.514;;;;;nc;;;sì;6;Bandiera Blu;Spiaggia sorvegliata nella stagione balneare. C'è uno stabilimento con servizio di ristoro. Ci sono bagni, docce, parcheggio. Capacità di carico stimata in 150 persone.;;spiagge/algarve/algarve-042.jpg;DGT OrtoSat · 30 cm;Lagoa;;;;;;;;;
algarve-043;algarve;carvoeiro;Carvoeiro;Lagoa;37.09617;-8.47227;;;;;nc;;;sì;5;Bandiera Blu, Accessibile;Spiaggia sorvegliata nella stagione balneare. C'è uno stabilimento con servizio di ristoro. Ci sono bagni, docce. Rientra nel programma Praia Acessível. Capacità di carico stimata in 300 persone.;;spiagge/algarve/algarve-043.jpg;DGT OrtoSat · 30 cm;Lagoa;;;;;;;;;
algarve-044;algarve;carvoeiro;Vale Centeanes;Lagoa;37.09122;-8.4556;;;;;nc;;;sì;6;Bandiera Blu;Spiaggia sorvegliata nella stagione balneare. C'è uno stabilimento con servizio di ristoro. Ci sono bagni, docce, parcheggio. Capacità di carico stimata in 80 persone.;;spiagge/algarve/algarve-044.jpg;DGT OrtoSat · 30 cm;Lagoa;;;;;;;;;
algarve-045;algarve;carvoeiro;Benagil;Lagoa;37.08715;-8.42636;;;;;nc;;;no;4;;Spiaggia sorvegliata nella stagione balneare. Ci sono bagni, docce, parcheggio. Capacità di carico stimata in 50 persone.;;spiagge/algarve/algarve-045.jpg;DGT OrtoSat · 30 cm;Lagoa;;;;;;;;;
algarve-046;algarve;carvoeiro;Marinha;Lagoa;37.08957;-8.41286;;;;;nc;;;no;4;;Spiaggia sorvegliata nella stagione balneare. Ci sono bagni, docce, parcheggio. Capacità di carico stimata in 15 persone.;;spiagge/algarve/algarve-046.jpg;DGT OrtoSat · 30 cm;Lagoa;;;;;;;;;
algarve-047;algarve;carvoeiro;Albandeira;Lagoa;37.09094;-8.39998;;;;;nc;;;no;3;;Spiaggia sorvegliata nella stagione balneare. Ci sono bagni, parcheggio. Capacità di carico stimata in 30 persone.;;spiagge/algarve/algarve-047.jpg;DGT OrtoSat · 30 cm;Lagoa;;;;;;;;;
algarve-048;algarve;carvoeiro;Praia Nova da Senhora da Rocha;Lagoa;37.095938;-8.388445;;;;;nc;;;no;2;;Spiaggia sorvegliata nella stagione balneare. Ci sono parcheggio. Capacità di carico stimata in 260 persone.;;spiagge/algarve/algarve-048.jpg;DGT OrtoSat · 30 cm;Lagoa;;;;;;;;;
algarve-049;algarve;carvoeiro;Senhora da Rocha;Lagoa;37.09687;-8.38583;;;;;nc;;;sì;6;Bandiera Blu;Spiaggia sorvegliata nella stagione balneare. C'è uno stabilimento con servizio di ristoro. Ci sono bagni, docce, parcheggio. Capacità di carico stimata in 280 persone.;;spiagge/algarve/algarve-049.jpg;DGT OrtoSat · 30 cm;Lagoa;;;;;;;;;
algarve-050;algarve;carvoeiro;Cova Redonda;Lagoa;37.09858;-8.37992;;;;;nc;;;no;4;;Spiaggia sorvegliata nella stagione balneare. C'è uno stabilimento con servizio di ristoro. Ci sono bagni. Capacità di carico stimata in 350 persone.;;spiagge/algarve/algarve-050.jpg;DGT OrtoSat · 30 cm;Lagoa;;;;;;;;;
algarve-051;algarve;carvoeiro;Tremocos;Lagoa;37.09982;-8.37708;;;;;nc;;;no;1;;Spiaggia sorvegliata nella stagione balneare. Capacità di carico stimata in 60 persone.;;spiagge/algarve/algarve-051.jpg;DGT OrtoSat · 30 cm;Lagoa;;;;;;;;;
algarve-052;algarve;carvoeiro;Vale do Olival;Lagoa;37.10152;-8.36953;;;;;nc;;;sì;6;Bandiera Blu;Spiaggia sorvegliata nella stagione balneare. C'è uno stabilimento con servizio di ristoro. Ci sono bagni, docce, parcheggio. Capacità di carico stimata in 700 persone.;;spiagge/algarve/algarve-052.jpg;DGT OrtoSat · 30 cm;Lagoa;;;;;;;;;
algarve-053;algarve;carvoeiro;Armacao de Pera;Silves;37.10146;-8.36603;;;;;nc;;;sì;6;Bandiera Blu, Accessibile;Spiaggia sorvegliata nella stagione balneare. C'è uno stabilimento con servizio di ristoro. Ci sono bagni, docce, parcheggio. Rientra nel programma Praia Acessível. Capacità di carico stimata in 2500 persone.;;spiagge/algarve/algarve-053.jpg;DGT OrtoSat · 30 cm;Silves;;;;;;;;;
algarve-054;algarve;carvoeiro;Barcos/Armacao de Pera Nascente;Silves;37.09981;-8.35697;;;;;nc;;;sì;6;Bandiera Blu, Accessibile;Spiaggia sorvegliata nella stagione balneare. C'è uno stabilimento con servizio di ristoro. Ci sono bagni, docce, parcheggio. Rientra nel programma Praia Acessível. Capacità di carico stimata in 1400 persone.;;spiagge/algarve/algarve-054.jpg;DGT OrtoSat · 30 cm;Silves;;;;;;;;;
algarve-055;algarve;carvoeiro;Praia Grande - Poente;Silves;37.09685;-8.34783;;;;;nc;;;sì;6;Bandiera Blu, Accessibile;Spiaggia sorvegliata nella stagione balneare. C'è uno stabilimento con servizio di ristoro. Ci sono bagni, docce, parcheggio. Rientra nel programma Praia Acessível. Capacità di carico stimata in 2100 persone.;;spiagge/algarve/algarve-055.jpg;DGT OrtoSat · 30 cm;Silves;;;;;;;;;
algarve-056;algarve;carvoeiro;Praia Grande - Nascente;Silves;37.09255;-8.33814;;;;;nc;;;no;4;;Spiaggia sorvegliata nella stagione balneare. C'è uno stabilimento con servizio di ristoro. Ci sono parcheggio. Capacità di carico stimata in 1400 persone.;;spiagge/algarve/algarve-056.jpg;DGT OrtoSat · 30 cm;Silves;;;;;;;;;
algarve-057;algarve;albufeira;Salgados;Albufeira;37.08845;-8.32939;;;;;nc;;;sì;6;Bandiera Blu, Accessibile;Spiaggia sorvegliata nella stagione balneare. C'è uno stabilimento con servizio di ristoro. Ci sono bagni, docce, parcheggio. Rientra nel programma Praia Acessível. Capacità di carico stimata in 1900 persone.;;spiagge/algarve/algarve-057.jpg;DGT OrtoSat · 30 cm;Albufeira;;;;;;;;;
algarve-058;algarve;albufeira;Gale - Oeste;Albufeira;37.08335;-8.32086;;;;;nc;;;sì;6;Bandiera Blu, Surf, Accessibile;Spiaggia sorvegliata nella stagione balneare. C'è uno stabilimento con servizio di ristoro. Ci sono bagni, docce, parcheggio. Rientra nel programma Praia Acessível. Onde di valore riconosciuto per il surf. Capacità di carico stimata in 2600 persone.;;spiagge/algarve/algarve-058.jpg;DGT OrtoSat · 30 cm;Albufeira;;;;;;;;;
algarve-059;algarve;albufeira;Gale - Leste;Albufeira;37.08014;-8.31599;;;;;nc;;;sì;6;Bandiera Blu, Surf, Accessibile;Spiaggia sorvegliata nella stagione balneare. C'è uno stabilimento con servizio di ristoro. Ci sono bagni, docce, parcheggio. Rientra nel programma Praia Acessível. Onde di valore riconosciuto per il surf. Capacità di carico stimata in 150 persone.;;spiagge/algarve/algarve-059.jpg;DGT OrtoSat · 30 cm;Albufeira;;;;;;;;;
algarve-060;algarve;albufeira;Manuel Lourenco;Albufeira;37.07646;-8.30966;;;;;nc;;;no;6;;Spiaggia sorvegliata nella stagione balneare. C'è uno stabilimento con servizio di ristoro. Ci sono bagni, docce, parcheggio. Capacità di carico stimata in 200 persone.;;spiagge/algarve/algarve-060.jpg;DGT OrtoSat · 30 cm;Albufeira;;;;;;;;;
algarve-061;algarve;albufeira;Evaristo;Albufeira;37.07417;-8.30317;;;;;nc;;;no;6;;Spiaggia sorvegliata nella stagione balneare. C'è uno stabilimento con servizio di ristoro. Ci sono bagni, docce, parcheggio. Capacità di carico stimata in 150 persone.;;spiagge/algarve/algarve-061.jpg;DGT OrtoSat · 30 cm;Albufeira;;;;;;;;;
algarve-062;algarve;albufeira;Castelo (Albufeira);Albufeira;37.07327;-8.29875;;;;;nc;;;sì;6;Bandiera Blu;Spiaggia sorvegliata nella stagione balneare. C'è uno stabilimento con servizio di ristoro. Ci sono bagni, docce, parcheggio. Capacità di carico stimata in 350 persone.;;spiagge/algarve/algarve-062.jpg;DGT OrtoSat · 30 cm;Albufeira;;;;;;;;;
algarve-063;algarve;albufeira;Coelha;Albufeira;37.07363;-8.29353;;;;;nc;;;sì;6;Bandiera Blu;Spiaggia sorvegliata nella stagione balneare. C'è uno stabilimento con servizio di ristoro. Ci sono bagni, docce, parcheggio. Capacità di carico stimata in 400 persone.;;spiagge/algarve/algarve-063.jpg;DGT OrtoSat · 30 cm;Albufeira;;;;;;;;;
algarve-064;algarve;albufeira;Sao Rafael;Albufeira;37.074607;-8.28079;;;;;nc;;;sì;6;Bandiera Blu;Spiaggia sorvegliata nella stagione balneare. C'è uno stabilimento con servizio di ristoro. Ci sono bagni, docce, parcheggio. Capacità di carico stimata in 500 persone.;;spiagge/algarve/algarve-064.jpg;DGT OrtoSat · 30 cm;Albufeira;;;;;;;;;
algarve-065;algarve;albufeira;Arrifes;Albufeira;37.07595;-8.27733;;;;;nc;;;sì;6;Bandiera Blu;Spiaggia sorvegliata nella stagione balneare. C'è uno stabilimento con servizio di ristoro. Ci sono bagni, docce, parcheggio. Capacità di carico stimata in 30 persone.;;spiagge/algarve/algarve-065.jpg;DGT OrtoSat · 30 cm;Albufeira;;;;;;;;;
algarve-066;algarve;albufeira;Peneco;Albufeira;37.08642;-8.25247;;;;;nc;;;sì;5;Bandiera Blu, Surf, Accessibile;Spiaggia sorvegliata nella stagione balneare. C'è uno stabilimento con servizio di ristoro. Ci sono bagni, docce. Rientra nel programma Praia Acessível. Onde di valore riconosciuto per il surf. Capacità di carico stimata in 1400 persone.;;spiagge/algarve/algarve-066.jpg;DGT OrtoSat · 30 cm;Albufeira;;;;;;;;;
algarve-067;algarve;albufeira;Pescadores;Albufeira;37.0864;-8.24907;;;;;nc;;;no;6;Surf, Accessibile;Spiaggia sorvegliata nella stagione balneare. C'è uno stabilimento con servizio di ristoro. Ci sono bagni, docce, parcheggio. Rientra nel programma Praia Acessível. Onde di valore riconosciuto per il surf. Capacità di carico stimata in 1900 persone.;;spiagge/algarve/algarve-067.jpg;DGT OrtoSat · 30 cm;Albufeira;;;;;;;;;
algarve-068;algarve;albufeira;Inatel - Albufeira;Albufeira;37.08548;-8.24303;;;;;nc;;;sì;6;Bandiera Blu, Surf, Accessibile;Spiaggia sorvegliata nella stagione balneare. C'è uno stabilimento con servizio di ristoro. Ci sono bagni, docce, parcheggio. Rientra nel programma Praia Acessível. Onde di valore riconosciuto per il surf. Capacità di carico stimata in 2000 persone.;;spiagge/algarve/algarve-068.jpg;DGT OrtoSat · 30 cm;Albufeira;;;;;;;;;
algarve-069;algarve;albufeira;Alemaes;Albufeira;37.084283;-8.239076;;;;;nc;;;sì;6;Bandiera Blu, Surf, Accessibile;Spiaggia sorvegliata nella stagione balneare. C'è uno stabilimento con servizio di ristoro. Ci sono bagni, docce, parcheggio. Rientra nel programma Praia Acessível. Onde di valore riconosciuto per il surf. Capacità di carico stimata in 1800 persone.;;spiagge/algarve/algarve-069.jpg;DGT OrtoSat · 30 cm;Albufeira;;;;;;;;;
algarve-070;algarve;albufeira;Forte de Sao Joao;Albufeira;37.083343;-8.235786;;;;;nc;;;sì;6;Bandiera Blu, Accessibile;Spiaggia sorvegliata nella stagione balneare. C'è uno stabilimento con servizio di ristoro. Ci sono bagni, docce, parcheggio. Rientra nel programma Praia Acessível. Capacità di carico stimata in 1000 persone.;;spiagge/algarve/algarve-070.jpg;DGT OrtoSat · 30 cm;Albufeira;;;;;;;;;
algarve-071;algarve;albufeira;Aveiros;Albufeira;37.08353;-8.23114;;;;;nc;;;sì;6;Bandiera Blu;Spiaggia sorvegliata nella stagione balneare. C'è uno stabilimento con servizio di ristoro. Ci sono bagni, docce, parcheggio. Capacità di carico stimata in 100 persone.;;spiagge/algarve/algarve-071.jpg;DGT OrtoSat · 30 cm;Albufeira;;;;;;;;;
algarve-072;algarve;albufeira;Oura;Albufeira;37.08589;-8.22614;;;;;nc;;;sì;6;Bandiera Blu, Accessibile;Spiaggia sorvegliata nella stagione balneare. C'è uno stabilimento con servizio di ristoro. Ci sono bagni, docce, parcheggio. Rientra nel programma Praia Acessível. Capacità di carico stimata in 550 persone.;;spiagge/algarve/algarve-072.jpg;DGT OrtoSat · 30 cm;Albufeira;;;;;;;;;
algarve-073;algarve;albufeira;Oura - Leste;Albufeira;37.08512;-8.22265;;;;;nc;;;sì;6;Bandiera Blu;Spiaggia sorvegliata nella stagione balneare. C'è uno stabilimento con servizio di ristoro. Ci sono bagni, docce, parcheggio. Capacità di carico stimata in 400 persone.;;spiagge/algarve/algarve-073.jpg;DGT OrtoSat · 30 cm;Albufeira;;;;;;;;;
algarve-074;algarve;albufeira;Santa Eulalia;Albufeira;37.08777;-8.21397;;;;;nc;;;sì;6;Bandiera Blu, Accessibile;Spiaggia sorvegliata nella stagione balneare. C'è uno stabilimento con servizio di ristoro. Ci sono bagni, docce, parcheggio. Rientra nel programma Praia Acessível. Capacità di carico stimata in 600 persone.;;spiagge/algarve/algarve-074.jpg;DGT OrtoSat · 30 cm;Albufeira;;;;;;;;;
algarve-075;algarve;albufeira;Maria Luisa;Albufeira;37.08897;-8.20083;;;;;nc;;;sì;6;Bandiera Blu, Accessibile;Spiaggia sorvegliata nella stagione balneare. C'è uno stabilimento con servizio di ristoro. Ci sono bagni, docce, parcheggio. Rientra nel programma Praia Acessível. Capacità di carico stimata in 700 persone.;;spiagge/algarve/algarve-075.jpg;DGT OrtoSat · 30 cm;Albufeira;;;;;;;;;
algarve-076;algarve;albufeira;Olhos de Agua;Albufeira;37.08956;-8.19033;;;;;nc;;;sì;6;Bandiera Blu, Accessibile;Spiaggia sorvegliata nella stagione balneare. C'è uno stabilimento con servizio di ristoro. Ci sono bagni, docce, parcheggio. Rientra nel programma Praia Acessível. Capacità di carico stimata in 400 persone.;;spiagge/algarve/algarve-076.jpg;DGT OrtoSat · 30 cm;Albufeira;;;;;;;;;
algarve-077;algarve;albufeira;Belharucas;Albufeira;37.09062;-8.18341;;;;;nc;;;sì;6;Bandiera Blu;Spiaggia sorvegliata nella stagione balneare. C'è uno stabilimento con servizio di ristoro. Ci sono bagni, docce, parcheggio. Capacità di carico stimata in 1200 persone.;;spiagge/algarve/algarve-077.jpg;DGT OrtoSat · 30 cm;Albufeira;;;;;;;;;
algarve-078;algarve;albufeira;Falesia Acoteias;Albufeira;37.08589;-8.16815;;;;;nc;;;sì;6;Bandiera Blu;Spiaggia sorvegliata nella stagione balneare. C'è uno stabilimento con servizio di ristoro. Ci sono bagni, docce, parcheggio. Capacità di carico stimata in 700 persone.;;spiagge/algarve/algarve-078.jpg;DGT OrtoSat · 30 cm;Albufeira;;;;;;;;;
algarve-079;algarve;albufeira;Falesia Alfamar;Albufeira;37.08335;-8.15912;;;;;nc;;;sì;5;Bandiera Blu;Spiaggia sorvegliata nella stagione balneare. C'è uno stabilimento con servizio di ristoro. Ci sono bagni, docce. Capacità di carico stimata in 800 persone.;;spiagge/algarve/algarve-079.jpg;DGT OrtoSat · 30 cm;Albufeira;;;;;;;;;
algarve-080;algarve;albufeira;Poco Velho;Albufeira;37.08036;-8.14945;;;;;nc;;;sì;6;Bandiera Blu;Spiaggia sorvegliata nella stagione balneare. C'è uno stabilimento con servizio di ristoro. Ci sono bagni, docce, parcheggio. Capacità di carico stimata in 800 persone.;;spiagge/algarve/algarve-080.jpg;DGT OrtoSat · 30 cm;Albufeira;;;;;;;;;
algarve-081;algarve;albufeira;Rocha Baixinha - Poente;Albufeira;37.0783;-8.14252;;;;;nc;;;sì;6;Bandiera Blu, Surf;Spiaggia sorvegliata nella stagione balneare. C'è uno stabilimento con servizio di ristoro. Ci sono bagni, docce, parcheggio. Onde di valore riconosciuto per il surf. Capacità di carico stimata in 1400 persone.;;spiagge/algarve/algarve-081.jpg;DGT OrtoSat · 30 cm;Albufeira;;;;;;;;;
algarve-082;algarve;albufeira;Rocha Baixinha;Albufeira;37.07592;-8.13506;;;;;nc;;;sì;6;Bandiera Blu, Surf, Accessibile;Spiaggia sorvegliata nella stagione balneare. C'è uno stabilimento con servizio di ristoro. Ci sono bagni, docce, parcheggio. Rientra nel programma Praia Acessível. Onde di valore riconosciuto per il surf. Capacità di carico stimata in 1800 persone.;;spiagge/algarve/algarve-082.jpg;DGT OrtoSat · 30 cm;Albufeira;;;;;;;;;
algarve-083;algarve;albufeira;Rocha Baixinha - Nascente;Albufeira;37.0745;-8.13062;;;;;nc;;;sì;6;Bandiera Blu, Surf, Accessibile;Spiaggia sorvegliata nella stagione balneare. C'è uno stabilimento con servizio di ristoro. Ci sono bagni, docce, parcheggio. Rientra nel programma Praia Acessível. Onde di valore riconosciuto per il surf. Capacità di carico stimata in 3400 persone.;;spiagge/algarve/algarve-083.jpg;DGT OrtoSat · 30 cm;Albufeira;;;;;;;;;
algarve-084;algarve;vilamoura;Vilamoura;Loulé;37.07188;-8.11896;;;;;nc;;;sì;6;Bandiera Blu, Accessibile;Spiaggia sorvegliata nella stagione balneare. C'è uno stabilimento con servizio di ristoro. Ci sono bagni, docce, parcheggio. Rientra nel programma Praia Acessível. Capacità di carico stimata in 5000 persone.;;spiagge/algarve/algarve-084.jpg;DGT OrtoSat · 30 cm;Loulé;;;;;;;;;
algarve-085;algarve;vilamoura;Quarteira Poente;Loulé;37.0674;-8.1042;;;;;nc;;;sì;5;Bandiera Blu, Accessibile;Spiaggia sorvegliata nella stagione balneare. C'è uno stabilimento con servizio di ristoro. Ci sono bagni, docce. Rientra nel programma Praia Acessível. Capacità di carico stimata in 3300 persone.;;spiagge/algarve/algarve-085.jpg;DGT OrtoSat · 30 cm;Loulé;;;;;;;;;
algarve-086;algarve;vilamoura;Quarteira Central;Loulé;37.0652;-8.0986;;;;;nc;;;sì;5;Bandiera Blu, Accessibile;Spiaggia sorvegliata nella stagione balneare. C'è uno stabilimento con servizio di ristoro. Ci sono bagni, docce. Rientra nel programma Praia Acessível.;;spiagge/algarve/algarve-086.jpg;DGT OrtoSat · 30 cm;Loulé;;;;;;;;;
algarve-087;algarve;vilamoura;Quarteira Nascente;Loulé;37.0629;-8.0925;;;;;nc;;;sì;5;Bandiera Blu, Accessibile;Spiaggia sorvegliata nella stagione balneare. C'è uno stabilimento con servizio di ristoro. Ci sono bagni, docce. Rientra nel programma Praia Acessível. Capacità di carico stimata in 3300 persone.;;spiagge/algarve/algarve-087.jpg;DGT OrtoSat · 30 cm;Loulé;;;;;;;;;
algarve-088;algarve;vilamoura;Forte Novo;Loulé;37.06203;-8.09016;;;;;nc;;;sì;6;Bandiera Blu;Spiaggia sorvegliata nella stagione balneare. C'è uno stabilimento con servizio di ristoro. Ci sono bagni, docce, parcheggio. Capacità di carico stimata in 1700 persone.;;spiagge/algarve/algarve-088.jpg;DGT OrtoSat · 30 cm;Loulé;;;;;;;;;
algarve-089;algarve;vilamoura;Almargem;Loulé;37.05838;-8.08353;;;;;nc;;;sì;5;Bandiera Blu;Spiaggia sorvegliata nella stagione balneare. C'è uno stabilimento con servizio di ristoro. Ci sono bagni, parcheggio. Capacità di carico stimata in 2600 persone.;;spiagge/algarve/algarve-089.jpg;DGT OrtoSat · 30 cm;Loulé;;;;;;;;;
algarve-090;algarve;vilamoura;Loule Velho;Loulé;37.05554;-8.07816;;;;;nc;;;sì;6;Bandiera Blu, Accessibile;Spiaggia sorvegliata nella stagione balneare. C'è uno stabilimento con servizio di ristoro. Ci sono bagni, docce, parcheggio. Rientra nel programma Praia Acessível. Capacità di carico stimata in 1200 persone.;;spiagge/algarve/algarve-090.jpg;DGT OrtoSat · 30 cm;Loulé;;;;;;;;;
algarve-091;algarve;vilamoura;Vale do Lobo;Loulé;37.04759;-8.06476;;;;;nc;;;sì;6;Bandiera Blu, Accessibile;Spiaggia sorvegliata nella stagione balneare. C'è uno stabilimento con servizio di ristoro. Ci sono bagni, docce, parcheggio. Rientra nel programma Praia Acessível. Capacità di carico stimata in 1700 persone.;;spiagge/algarve/algarve-091.jpg;DGT OrtoSat · 30 cm;Loulé;;;;;;;;;
algarve-092;algarve;vilamoura;Garrao - Poente;Loulé;37.04328;-8.05713;;;;;nc;;;sì;6;Bandiera Blu, Accessibile;Spiaggia sorvegliata nella stagione balneare. C'è uno stabilimento con servizio di ristoro. Ci sono bagni, docce, parcheggio. Rientra nel programma Praia Acessível. Capacità di carico stimata in 2200 persone.;;spiagge/algarve/algarve-092.jpg;DGT OrtoSat · 30 cm;Loulé;;;;;;;;;
algarve-093;algarve;vilamoura;Garrao - Nascente;Loulé;37.03992;-8.05149;;;;;nc;;;sì;6;Bandiera Blu;Spiaggia sorvegliata nella stagione balneare. C'è uno stabilimento con servizio di ristoro. Ci sono bagni, docce, parcheggio. Capacità di carico stimata in 2900 persone.;;spiagge/algarve/algarve-093.jpg;DGT OrtoSat · 30 cm;Loulé;;;;;;;;;
algarve-094;algarve;vilamoura;Ancao;Loulé;37.03215;-8.03852;;;;;nc;;;sì;6;Bandiera Blu, Accessibile;Spiaggia sorvegliata nella stagione balneare. C'è uno stabilimento con servizio di ristoro. Ci sono bagni, docce, parcheggio. Rientra nel programma Praia Acessível. Capacità di carico stimata in 4600 persone.;;spiagge/algarve/algarve-094.jpg;DGT OrtoSat · 30 cm;Loulé;;;;;;;;;
algarve-095;algarve;vilamoura;Quinta do Lago;Loulé;37.025;-8.0258;;;;;nc;;;sì;6;Bandiera Blu, Accessibile;Spiaggia sorvegliata nella stagione balneare. C'è uno stabilimento con servizio di ristoro. Ci sono bagni, docce, parcheggio. Rientra nel programma Praia Acessível. Capacità di carico stimata in 3000 persone.;;spiagge/algarve/algarve-095.jpg;DGT OrtoSat · 30 cm;Loulé;;;;;;;;;
algarve-096;algarve;formosa;Faro - Mar Poente;Faro;37.0079;-7.9956;;;;;nc;;;sì;6;Bandiera Blu, Surf, Accessibile;Spiaggia sorvegliata nella stagione balneare. C'è uno stabilimento con servizio di ristoro. Ci sono bagni, docce, parcheggio. Rientra nel programma Praia Acessível. Onde di valore riconosciuto per il surf. Capacità di carico stimata in 6300 persone.;;spiagge/algarve/algarve-096.jpg;DGT OrtoSat · 30 cm;Faro;;;;;;;;;
algarve-097;algarve;formosa;Faro - Mar Central;Faro;37.0069;-7.9937;;;;;nc;;;sì;6;Bandiera Blu, Surf, Accessibile;Spiaggia sorvegliata nella stagione balneare. C'è uno stabilimento con servizio di ristoro. Ci sono bagni, docce, parcheggio. Rientra nel programma Praia Acessível. Onde di valore riconosciuto per il surf.;;spiagge/algarve/algarve-097.jpg;DGT OrtoSat · 30 cm;Faro;;;;;;;;;
algarve-098;algarve;formosa;Faro - Mar Nascente;Faro;37.002;-7.9863;;;;;nc;;;sì;6;Bandiera Blu, Surf, Accessibile;Spiaggia sorvegliata nella stagione balneare. C'è uno stabilimento con servizio di ristoro. Ci sono bagni, docce, parcheggio. Rientra nel programma Praia Acessível. Onde di valore riconosciuto per il surf. Capacità di carico stimata in 6300 persone.;;spiagge/algarve/algarve-098.jpg;DGT OrtoSat · 30 cm;Faro;;;;;;;;;
algarve-099;algarve;formosa;Deserta (Barreta);Faro;36.964032;-7.872708;;;;;nc;;;sì;5;Bandiera Blu;Spiaggia sorvegliata nella stagione balneare. C'è uno stabilimento con servizio di ristoro. Ci sono bagni, docce. Capacità di carico stimata in 3300 persone.;;spiagge/algarve/algarve-099.jpg;DGT OrtoSat · 30 cm;Faro;;;;;;;;;
algarve-100;algarve;formosa;Ilha do Farol - Mar Poente;Faro;36.9745;-7.8636;;;;;nc;;;sì;4;Bandiera Blu;Spiaggia sorvegliata nella stagione balneare. C'è uno stabilimento con servizio di ristoro. Ci sono bagni. Capacità di carico stimata in 1500 persone.;;spiagge/algarve/algarve-100.jpg;DGT OrtoSat · 30 cm;Faro;;;;;;;;;
algarve-101;algarve;formosa;Ilha do Farol - Mar Nascente;Faro;36.976;-7.8614;;;;;nc;;;sì;4;Bandiera Blu;Spiaggia sorvegliata nella stagione balneare. C'è uno stabilimento con servizio di ristoro. Ci sono bagni.;;spiagge/algarve/algarve-101.jpg;DGT OrtoSat · 30 cm;Faro;;;;;;;;;
algarve-102;algarve;formosa;Culatra - Mar;Faro;36.98545;-7.83904;;;;;nc;;;sì;4;Bandiera Blu;Spiaggia sorvegliata nella stagione balneare. C'è uno stabilimento con servizio di ristoro. Ci sono bagni. Capacità di carico stimata in 4000 persone.;;spiagge/algarve/algarve-102.jpg;DGT OrtoSat · 30 cm;Faro;;;;;;;;;
algarve-103;algarve;formosa;Armona - Ria;Olhão;37.02336;-7.80635;;;;;nc;;;sì;5;Bandiera Blu;Spiaggia sorvegliata nella stagione balneare. C'è uno stabilimento con servizio di ristoro. Ci sono bagni, docce. Capacità di carico stimata in 500 persone.;;spiagge/algarve/algarve-103.jpg;DGT OrtoSat · 30 cm;Olhão;;;;;;;;;
algarve-104;algarve;formosa;Cavacos;Olhão;37.036452;-7.795445;;;;;nc;;;no;1;;Spiaggia non sorvegliata. Ci sono parcheggio. Capacità di carico stimata in 200 persone.;;spiagge/algarve/algarve-104.jpg;DGT OrtoSat · 30 cm;Olhão;;;;;;;;;
algarve-105;algarve;formosa;Armona - Mar;Olhão;37.01399;-7.79384;;;;;nc;;;sì;4;Bandiera Blu;Spiaggia sorvegliata nella stagione balneare. C'è uno stabilimento con servizio di ristoro. Ci sono bagni. Capacità di carico stimata in 5000 persone.;;spiagge/algarve/algarve-105.jpg;DGT OrtoSat · 30 cm;Olhão;;;;;;;;;
algarve-106;algarve;formosa;Fuseta - Mar;Olhão;37.04226;-7.74434;;;;;nc;;;sì;4;Bandiera Blu;Spiaggia sorvegliata nella stagione balneare. C'è uno stabilimento con servizio di ristoro. Ci sono bagni. Capacità di carico stimata in 3200 persone.;;spiagge/algarve/algarve-106.jpg;DGT OrtoSat · 30 cm;Olhão;;;;;;;;;
algarve-107;algarve;formosa;Fuseta - Ria;Olhão;37.05074;-7.74213;;;;;nc;;;sì;6;Bandiera Blu, Accessibile;Spiaggia sorvegliata nella stagione balneare. C'è uno stabilimento con servizio di ristoro. Ci sono bagni, docce, parcheggio. Rientra nel programma Praia Acessível. Capacità di carico stimata in 600 persone.;;spiagge/algarve/algarve-107.jpg;DGT OrtoSat · 30 cm;Olhão;;;;;;;;;
algarve-108;algarve;tavira;Barril;Tavira;37.08582;-7.66145;;;;;nc;;;sì;6;Bandiera Blu, Accessibile;Spiaggia sorvegliata nella stagione balneare. C'è uno stabilimento con servizio di ristoro. Ci sono bagni, docce, parcheggio. Rientra nel programma Praia Acessível. Capacità di carico stimata in 3300 persone.;;spiagge/algarve/algarve-108.jpg;DGT OrtoSat · 30 cm;Tavira;;;;;;;;;
algarve-109;algarve;tavira;Terra Estreita;Tavira;37.09767;-7.64062;;;;;nc;;;sì;4;Bandiera Blu;Spiaggia sorvegliata nella stagione balneare. C'è uno stabilimento con servizio di ristoro. Ci sono bagni. Capacità di carico stimata in 3000 persone.;;spiagge/algarve/algarve-109.jpg;DGT OrtoSat · 30 cm;Tavira;;;;;;;;;
algarve-110;algarve;tavira;Ilha de Tavira - Mar;Tavira;37.10979;-7.61985;;;;;nc;;;sì;4;Bandiera Blu;Spiaggia sorvegliata nella stagione balneare. C'è uno stabilimento con servizio di ristoro. Ci sono bagni. Capacità di carico stimata in 4100 persone.;;spiagge/algarve/algarve-110.jpg;DGT OrtoSat · 30 cm;Tavira;;;;;;;;;
algarve-111;algarve;tavira;Cabanas Poente;Tavira;37.12817;-7.60019;;;;;nc;;;no;3;;Spiaggia sorvegliata nella stagione balneare. C'è uno stabilimento con servizio di ristoro. Capacità di carico stimata in 1500 persone.;;spiagge/algarve/algarve-111.jpg;DGT OrtoSat · 30 cm;Tavira;;;;;;;;;
algarve-112;algarve;tavira;Cabanas - Mar;Tavira;37.13344;-7.58967;;;;;nc;;;sì;5;Bandiera Blu;Spiaggia sorvegliata nella stagione balneare. C'è uno stabilimento con servizio di ristoro. Ci sono bagni, docce. Capacità di carico stimata in 3600 persone.;;spiagge/algarve/algarve-112.jpg;DGT OrtoSat · 30 cm;Tavira;;;;;;;;;
algarve-113;algarve;guadiana;Fabrica - Mar;Vila Real de Santo António;37.149184;-7.551729;;;;;nc;;;no;3;;Spiaggia sorvegliata nella stagione balneare. C'è uno stabilimento con servizio di ristoro. Capacità di carico stimata in 1000 persone.;;spiagge/algarve/algarve-113.jpg;DGT OrtoSat · 30 cm;Vila Real de Santo António;;;;;;;;;
algarve-114;algarve;guadiana;Manta Rota;Vila Real de Santo António;37.16333;-7.5175;;;;;nc;;;sì;6;Bandiera Blu, Accessibile;Spiaggia sorvegliata nella stagione balneare. C'è uno stabilimento con servizio di ristoro. Ci sono bagni, docce, parcheggio. Rientra nel programma Praia Acessível. Capacità di carico stimata in 6300 persone.;;spiagge/algarve/algarve-114.jpg;DGT OrtoSat · 30 cm;Vila Real de Santo António;;;;;;;;;
algarve-115;algarve;guadiana;Lota;Vila Real de Santo António;37.16528;-7.51333;;;;;nc;;;sì;5;Bandiera Blu, Accessibile;Spiaggia sorvegliata nella stagione balneare. C'è uno stabilimento con servizio di ristoro. Ci sono bagni, parcheggio. Rientra nel programma Praia Acessível. Capacità di carico stimata in 3500 persone.;;spiagge/algarve/algarve-115.jpg;DGT OrtoSat · 30 cm;Vila Real de Santo António;;;;;;;;;
algarve-116;algarve;guadiana;Alagoa - Altura;Castro Marim;37.16906;-7.49756;;;;;nc;;;sì;5;Bandiera Blu, Accessibile;Spiaggia sorvegliata nella stagione balneare. C'è uno stabilimento con servizio di ristoro. Ci sono bagni, parcheggio. Rientra nel programma Praia Acessível. Capacità di carico stimata in 6000 persone.;;spiagge/algarve/algarve-116.jpg;DGT OrtoSat · 30 cm;Castro Marim;;;;;;;;;
algarve-117;algarve;guadiana;Praia Verde;Castro Marim;37.17329;-7.47962;;;;;nc;;;sì;5;Bandiera Blu, Accessibile;Spiaggia sorvegliata nella stagione balneare. C'è uno stabilimento con servizio di ristoro. Ci sono bagni, parcheggio. Rientra nel programma Praia Acessível. Capacità di carico stimata in 3600 persone.;;spiagge/algarve/algarve-117.jpg;DGT OrtoSat · 30 cm;Castro Marim;;;;;;;;;
algarve-118;algarve;guadiana;Cabeco;Castro Marim;37.17479;-7.47198;;;;;nc;;;sì;5;Bandiera Blu, Accessibile;Spiaggia sorvegliata nella stagione balneare. C'è uno stabilimento con servizio di ristoro. Ci sono bagni, parcheggio. Rientra nel programma Praia Acessível. Capacità di carico stimata in 4500 persone.;;spiagge/algarve/algarve-118.jpg;DGT OrtoSat · 30 cm;Castro Marim;;;;;;;;;
algarve-119;algarve;guadiana;Monte Gordo Poente;Vila Real de Santo António;37.176923;-7.454964;;;;;nc;;;sì;6;Bandiera Blu, Accessibile;Spiaggia sorvegliata nella stagione balneare. C'è uno stabilimento con servizio di ristoro. Ci sono bagni, docce, parcheggio. Rientra nel programma Praia Acessível. Capacità di carico stimata in 4000 persone.;;spiagge/algarve/algarve-119.jpg;DGT OrtoSat · 30 cm;Vila Real de Santo António;;;;;;;;;
algarve-120;algarve;guadiana;Monte Gordo;Vila Real de Santo António;37.176952;-7.451286;;;;;nc;;;sì;6;Bandiera Blu, Accessibile;Spiaggia sorvegliata nella stagione balneare. C'è uno stabilimento con servizio di ristoro. Ci sono bagni, docce, parcheggio. Rientra nel programma Praia Acessível. Capacità di carico stimata in 5400 persone.;;spiagge/algarve/algarve-120.jpg;DGT OrtoSat · 30 cm;Vila Real de Santo António;;;;;;;;;
algarve-121;algarve;guadiana;Monte Gordo Nascente;Vila Real de Santo António;37.176881;-7.447443;;;;;nc;;;sì;6;Bandiera Blu, Accessibile;Spiaggia sorvegliata nella stagione balneare. C'è uno stabilimento con servizio di ristoro. Ci sono bagni, docce, parcheggio. Rientra nel programma Praia Acessível. Capacità di carico stimata in 5400 persone.;;spiagge/algarve/algarve-121.jpg;DGT OrtoSat · 30 cm;Vila Real de Santo António;;;;;;;;;
algarve-122;algarve;guadiana;Santo Antonio;Vila Real de Santo António;37.17417;-7.42583;;;;;nc;;;sì;5;Bandiera Blu, Accessibile;Spiaggia sorvegliata nella stagione balneare. C'è uno stabilimento con servizio di ristoro. Ci sono bagni, parcheggio. Rientra nel programma Praia Acessível. Capacità di carico stimata in 3000 persone.;;spiagge/algarve/algarve-122.jpg;DGT OrtoSat · 30 cm;Vila Real de Santo António;;;;;;;;;